{
    "name": "root",
    "metadata": {
        "timer_format_version": "0.1.0",
        "start_time_seconds": "1617058728",
        "python_version": "3.7.9 (default, Aug 31 2020, 17:10:11) [MSC v.1916 64 bit (AMD64)]",
        "command_line_arguments": "D:\\Program Files (x86)\\Anaconda3\\envs\\ml-agent-1.7.2\\Scripts\\mlagents-learn ./trainer_config.yaml --run-id hb_15",
        "mlagents_version": "0.23.0",
        "mlagents_envs_version": "0.23.0",
        "communication_protocol_version": "1.3.0",
        "pytorch_version": "1.7.0+cu110",
        "numpy_version": "1.18.5",
        "end_time_seconds": "1617067262"
    },
    "total": 8533.7261782,
    "count": 1,
    "self": 0.06014340000183438,
    "children": {
        "run_training.setup": {
            "total": 0.011317900000000103,
            "count": 1,
            "self": 0.011317900000000103
        },
        "TrainerController.start_learning": {
            "total": 8533.654716899999,
            "count": 1,
            "self": 5.748358500077302,
            "children": {
                "TrainerController._reset_env": {
                    "total": 7.2144841,
                    "count": 1,
                    "self": 7.2144841
                },
                "TrainerController.advance": {
                    "total": 8520.44435669992,
                    "count": 145959,
                    "self": 3.016742499963584,
                    "children": {
                        "env_step": {
                            "total": 8517.427614199956,
                            "count": 145959,
                            "self": 8071.776224100091,
                            "children": {
                                "SubprocessEnvManager._take_step": {
                                    "total": 442.5300924999111,
                                    "count": 145959,
                                    "self": 11.612836999846138,
                                    "children": {
                                        "TorchPolicy.evaluate": {
                                            "total": 430.917255500065,
                                            "count": 145910,
                                            "self": 71.43099030014508,
                                            "children": {
                                                "TorchPolicy.sample_actions": {
                                                    "total": 359.4862651999199,
                                                    "count": 145910,
                                                    "self": 359.4862651999199
                                                }
                                            }
                                        }
                                    }
                                },
                                "workers": {
                                    "total": 3.121297599953932,
                                    "count": 145958,
                                    "self": 0.0,
                                    "children": {
                                        "worker_root": {
                                            "total": 8458.9301581001,
                                            "count": 145958,
                                            "is_parallel": true,
                                            "self": 679.0900419000318,
                                            "children": {
                                                "steps_from_proto": {
                                                    "total": 0.0004932000000001935,
                                                    "count": 1,
                                                    "is_parallel": true,
                                                    "self": 0.00020709999999990458,
                                                    "children": {
                                                        "_process_vector_observation": {
                                                            "total": 0.0002861000000002889,
                                                            "count": 4,
                                                            "is_parallel": true,
                                                            "self": 0.0002861000000002889
                                                        }
                                                    }
                                                },
                                                "UnityEnvironment.step": {
                                                    "total": 7779.839623000068,
                                                    "count": 145958,
                                                    "is_parallel": true,
                                                    "self": 22.08769129972916,
                                                    "children": {
                                                        "UnityEnvironment._generate_step_input": {
                                                            "total": 15.314752800190245,
                                                            "count": 145958,
                                                            "is_parallel": true,
                                                            "self": 15.314752800190245
                                                        },
                                                        "communicator.exchange": {
                                                            "total": 7663.598821400138,
                                                            "count": 145958,
                                                            "is_parallel": true,
                                                            "self": 7663.598821400138
                                                        },
                                                        "steps_from_proto": {
                                                            "total": 78.83835750001084,
                                                            "count": 145958,
                                                            "is_parallel": true,
                                                            "self": 37.782157100296956,
                                                            "children": {
                                                                "_process_vector_observation": {
                                                                    "total": 41.05620039971389,
                                                                    "count": 583832,
                                                                    "is_parallel": true,
                                                                    "self": 41.05620039971389
                                                                }
                                                            }
                                                        }
                                                    }
                                                }
                                            }
                                        }
                                    }
                                }
                            }
                        }
                    }
                },
                "TrainerController._save_models": {
                    "total": 0.24751760000071954,
                    "count": 1,
                    "self": 0.015384100001028855,
                    "children": {
                        "RLTrainer._checkpoint": {
                            "total": 0.23213349999969068,
                            "count": 1,
                            "self": 0.23213349999969068
                        }
                    }
                }
            }
        }
    }
}