{
    "name": "root",
    "metadata": {
        "timer_format_version": "0.1.0",
        "start_time_seconds": "1617219534",
        "python_version": "3.7.9 (default, Aug 31 2020, 17:10:11) [MSC v.1916 64 bit (AMD64)]",
        "command_line_arguments": "D:\\Program Files (x86)\\Anaconda3\\envs\\ml-agent-1.7.2\\Scripts\\mlagents-learn ./trainer_config.yaml --run-id hb_03",
        "mlagents_version": "0.23.0",
        "mlagents_envs_version": "0.23.0",
        "communication_protocol_version": "1.3.0",
        "pytorch_version": "1.7.0+cu110",
        "numpy_version": "1.18.5",
        "end_time_seconds": "1617219646"
    },
    "total": 111.626609,
    "count": 1,
    "self": 0.006210000000010041,
    "children": {
        "run_training.setup": {
            "total": 0.015655600000000103,
            "count": 1,
            "self": 0.015655600000000103
        },
        "TrainerController.start_learning": {
            "total": 111.60474339999999,
            "count": 1,
            "self": 0.04150799999989374,
            "children": {
                "TrainerController._reset_env": {
                    "total": 8.070959,
                    "count": 1,
                    "self": 8.070959
                },
                "TrainerController.advance": {
                    "total": 102.88135450000009,
                    "count": 1298,
                    "self": 0.021303200000161837,
                    "children": {
                        "env_step": {
                            "total": 102.86005129999992,
                            "count": 1298,
                            "self": 98.38453299999988,
                            "children": {
                                "SubprocessEnvManager._take_step": {
                                    "total": 4.447043700000069,
                                    "count": 1298,
                                    "self": 0.09155660000032384,
                                    "children": {
                                        "TorchPolicy.evaluate": {
                                            "total": 4.3554870999997455,
                                            "count": 1296,
                                            "self": 0.5709977999995637,
                                            "children": {
                                                "TorchPolicy.sample_actions": {
                                                    "total": 3.784489300000182,
                                                    "count": 1296,
                                                    "self": 3.784489300000182
                                                }
                                            }
                                        }
                                    }
                                },
                                "workers": {
                                    "total": 0.02847459999997959,
                                    "count": 1297,
                                    "self": 0.0,
                                    "children": {
                                        "worker_root": {
                                            "total": 102.92390100000004,
                                            "count": 1297,
                                            "is_parallel": true,
                                            "self": 6.528196400000027,
                                            "children": {
                                                "steps_from_proto": {
                                                    "total": 0.016112600000000477,
                                                    "count": 1,
                                                    "is_parallel": true,
                                                    "self": 0.00020950000000041769,
                                                    "children": {
                                                        "_process_visual_observation": {
                                                            "total": 0.01570739999999926,
                                                            "count": 2,
                                                            "is_parallel": true,
                                                            "self": 5.689999999969331e-05,
                                                            "children": {
                                                                "observation_to_np_array": {
                                                                    "total": 0.015650499999999568,
                                                                    "count": 1,
                                                                    "is_parallel": true,
                                                                    "self": 5.649999999945976e-05,
                                                                    "children": {
                                                                        "process_pixels": {
                                                                            "total": 0.015594000000000108,
                                                                            "count": 1,
                                                                            "is_parallel": true,
                                                                            "self": 0.0003412000000002635,
                                                                            "children": {
                                                                                "image_decompress": {
                                                                                    "total": 0.015252799999999844,
                                                                                    "count": 1,
                                                                                    "is_parallel": true,
                                                                                    "self": 0.015252799999999844
                                                                                }
                                                                            }
                                                                        }
                                                                    }
                                                                }
                                                            }
                                                        },
                                                        "_process_vector_observation": {
                                                            "total": 0.000195700000000798,
                                                            "count": 2,
                                                            "is_parallel": true,
                                                            "self": 0.000195700000000798
                                                        }
                                                    }
                                                },
                                                "UnityEnvironment.step": {
                                                    "total": 96.37959200000002,
                                                    "count": 1297,
                                                    "is_parallel": true,
                                                    "self": 0.17223840000009716,
                                                    "children": {
                                                        "UnityEnvironment._generate_step_input": {
                                                            "total": 0.12777560000013288,
                                                            "count": 1297,
                                                            "is_parallel": true,