{
    "name": "root",
    "metadata": {
        "timer_format_version": "0.1.0",
        "start_time_seconds": "1616963457",
        "python_version": "3.7.9 (default, Aug 31 2020, 17:10:11) [MSC v.1916 64 bit (AMD64)]",
        "command_line_arguments": "D:\\Program Files (x86)\\Anaconda3\\envs\\ml-agent-1.7.2\\Scripts\\mlagents-learn ./trainer_config.yaml --run-id hb_03",
        "mlagents_version": "0.23.0",
        "mlagents_envs_version": "0.23.0",
        "communication_protocol_version": "1.3.0",
        "pytorch_version": "1.7.0+cu110",
        "numpy_version": "1.18.5",
        "end_time_seconds": "1616963652"
    },
    "total": 194.861658,
    "count": 1,
    "self": 0.011616299999985813,
    "children": {
        "run_training.setup": {
            "total": 0.013306799999999841,
            "count": 1,
            "self": 0.013306799999999841
        },
        "TrainerController.start_learning": {
            "total": 194.8367349,
            "count": 1,
            "self": 0.08350200000029417,
            "children": {
                "TrainerController._reset_env": {
                    "total": 15.042809000000002,
                    "count": 1,
                    "self": 15.042809000000002
                },
                "TrainerController.advance": {
                    "total": 179.2976443999997,
                    "count": 2123,
                    "self": 0.04496129999958498,
                    "children": {
                        "env_step": {
                            "total": 179.25268310000013,
                            "count": 2123,
                            "self": 170.02444210000067,
                            "children": {
                                "SubprocessEnvManager._take_step": {
                                    "total": 9.185725399999598,
                                    "count": 2123,
                                    "self": 0.18282109999985252,
                                    "children": {
                                        "TorchPolicy.evaluate": {
                                            "total": 9.002904299999745,
                                            "count": 2121,
                                            "self": 1.164380399999807,
                                            "children": {
                                                "TorchPolicy.sample_actions": {
                                                    "total": 7.838523899999938,
                                                    "count": 2121,
                                                    "self": 7.838523899999938
                                                }
                                            }
                                        }
                                    }
                                },
                                "workers": {
                                    "total": 0.04251559999985588,
                                    "count": 2122,
                                    "self": 0.0,
                                    "children": {
                                        "worker_root": {
                                            "total": 119.25245509999955,
                                            "count": 2122,
                                            "is_parallel": true,
                                            "self": 12.902067199999692,
                                            "children": {
                                                "steps_from_proto": {
                                                    "total": 0.0008226999999987328,
                                                    "count": 1,
                                                    "is_parallel": true,
                                                    "self": 0.0003590999999989464,
                                                    "children": {
                                                        "_process_vector_observation": {
                                                            "total": 0.0004635999999997864,
                                                            "count": 4,
                                                            "is_parallel": true,
                                                            "self": 0.0004635999999997864
                                                        }
                                                    }
                                                },
                                                "UnityEnvironment.step": {
                                                    "total": 106.34956519999986,
                                                    "count": 2122,
                                                    "is_parallel": true,
                                                    "self": 0.3585694000001354,
                                                    "children": {
                                                        "UnityEnvironment._generate_step_input": {
                                                            "total": 0.25909719999985725,
                                                            "count": 2122,
                                                            "is_parallel": true,
                                                            "self": 0.25909719999985725
                                                        },
                                                        "communicator.exchange": {
                                                            "total": 104.45897029999976,
                                                            "count": 2122,
                                                            "is_parallel": true,
                                                            "self": 104.45897029999976
                                                        },
                                                        "steps_from_proto": {
                                                            "total": 1.2729283000001104,
                                                            "count": 2122,
                                                            "is_parallel": true,
                                                            "self": 0.6453827000000558,
                                                            "children": {
                                                                "_process_vector_observation": {
                                                                    "total": 0.6275456000000545,
                                                                    "count": 8488,
                                                                    "is_parallel": true,
                                                                    "self": 0.6275456000000545
                                                                }
                                                            }
                                                        }
                                                    }
                                                }
                                            }
                                        }
                                    }
                                }
                            }
                        }
                    }
                },
                "TrainerController._save_models": {
                    "total": 0.4127794999999992,
                    "count": 1,
                    "self": 0.021573200000005954,
                    "children": {
                        "RLTrainer._checkpoint": {
                            "total": 0.39120629999999323,
                            "count": 1,
                            "self": 0.39120629999999323
                        }
                    }
                }
            }
        }
    }
}