{
    "name": "root",
    "metadata": {
        "timer_format_version": "0.1.0",
        "start_time_seconds": "1617216173",
        "python_version": "3.7.9 (default, Aug 31 2020, 17:10:11) [MSC v.1916 64 bit (AMD64)]",
        "command_line_arguments": "D:\\Program Files (x86)\\Anaconda3\\envs\\ml-agent-1.7.2\\Scripts\\mlagents-learn ./trainer_config.yaml --run-id hb_02 --resume",
        "mlagents_version": "0.23.0",
        "mlagents_envs_version": "0.23.0",
        "communication_protocol_version": "1.3.0",
        "pytorch_version": "1.7.0+cu110",
        "numpy_version": "1.18.5",
        "end_time_seconds": "1617216351"
    },
    "total": 178.2102855,
    "count": 1,
    "self": 0.0065439999999910015,
    "children": {
        "run_training.setup": {
            "total": 0.02051280000000011,
            "count": 1,
            "self": 0.02051280000000011
        },
        "TrainerController.start_learning": {
            "total": 178.1832287,
            "count": 1,
            "self": 0.05906870000001163,
            "children": {
                "TrainerController._reset_env": {
                    "total": 6.4065885,
                    "count": 1,
                    "self": 6.4065885
                },
                "TrainerController.advance": {
                    "total": 171.3834666,
                    "count": 1807,
                    "self": 0.03130410000019879,
                    "children": {
                        "env_step": {
                            "total": 171.3521624999998,
                            "count": 1807,
                            "self": 164.9866363999995,
                            "children": {
                                "SubprocessEnvManager._take_step": {
                                    "total": 6.324051900000017,
                                    "count": 1807,
                                    "self": 0.1297421999998143,
                                    "children": {
                                        "TorchPolicy.evaluate": {
                                            "total": 6.194309700000202,
                                            "count": 1807,
                                            "self": 0.7764643000004643,
                                            "children": {
                                                "TorchPolicy.sample_actions": {
                                                    "total": 5.417845399999738,
                                                    "count": 1807,
                                                    "self": 5.417845399999738
                                                }
                                            }
                                        }
                                    }
                                },
                                "workers": {
                                    "total": 0.04147420000026791,
                                    "count": 1806,
                                    "self": 0.0,
                                    "children": {
                                        "worker_root": {
                                            "total": 171.4390055000001,
                                            "count": 1806,
                                            "is_parallel": true,
                                            "self": 9.266798200000125,
                                            "children": {
                                                "steps_from_proto": {
                                                    "total": 0.018032999999999966,
                                                    "count": 1,
                                                    "is_parallel": true,
                                                    "self": 0.00026809999999954925,
                                                    "children": {
                                                        "_process_visual_observation": {
                                                            "total": 0.017642700000000566,
                                                            "count": 2,
                                                            "is_parallel": true,
                                                            "self": 3.6000000000591115e-05,
                                                            "children": {
                                                                "observation_to_np_array": {
                                                                    "total": 0.017606699999999975,
                                                                    "count": 1,
                                                                    "is_parallel": true,
                                                                    "self": 3.520000000012402e-05,
                                                                    "children": {
                                                                        "process_pixels": {
                                                                            "total": 0.01757149999999985,
                                                                            "count": 1,
                                                                            "is_parallel": true,
                                                                            "self": 0.00020249999999943924,
                                                                            "children": {
                                                                                "image_decompress": {
                                                                                    "total": 0.017369000000000412,
                                                                                    "count": 1,
                                                                                    "is_parallel": true,
                                                                                    "self": 0.017369000000000412
                                                                                }
                                                                            }
                                                                        }
                                                                    }
                                                                }
                                                            }
                                                        },
                                                        "_process_vector_observation": {
                                                            "total": 0.0001221999999998502,
                                                            "count": 2,
                                                            "is_parallel": true,
                                                            "self": 0.0001221999999998502
                                                        }
                                                    }
                                                },
                                                "UnityEnvironment.step": {
                                                    "total": 162.15417429999997,
                                                    "count": 1806,
                                                    "is_parallel": true,
                                                    "self": 0.24040300000029902,
                                                    "children": {
                                                        "UnityEnvironment._generate_step_input": {
                                                            "total": 0.18142329999965234,
                                                            "count": 1806,
                                                            "is_parallel": true,