{
    "name": "root",
    "gauges": {
        "Mario.Policy.Entropy.mean": {
            "value": 1.7006012201309204,
            "min": 1.7006012201309204,
            "max": 1.7006012201309204,
            "count": 1
        },
        "Mario.Environment.EpisodeLength.mean": {
            "value": 113.0,
            "min": 113.0,
            "max": 113.0,
            "count": 1
        },
        "Mario.Policy.ExtrinsicValueEstimate.mean": {
            "value": -0.25438636541366577,
            "min": -0.25438636541366577,
            "max": -0.25438636541366577,
            "count": 1
        },
        "Mario.Policy.CuriosityValueEstimate.mean": {
            "value": 4.964330673217773,
            "min": 4.964330673217773,
            "max": 4.964330673217773,
            "count": 1
        },
        "Mario.Environment.CumulativeReward.mean": {
            "value": -0.31996816396713257,
            "min": -0.31996816396713257,
            "max": -0.31996816396713257,
            "count": 1
        },
        "Mario.Policy.ExtrinsicReward.mean": {
            "value": -0.31996816396713257,
            "min": -0.31996816396713257,
            "max": -0.31996816396713257,
            "count": 1
        },
        "Mario.Policy.CuriosityReward.mean": {
            "value": 0.0,
            "min": 0.0,
            "max": 0.0,
            "count": 1
        },
        "Mario.IsTraining.mean": {
            "value": 1.0,
            "min": 1.0,
            "max": 1.0,
            "count": 1
        }
    },
    "metadata": {
        "timer_format_version": "0.1.0",
        "start_time_seconds": "1617083348",
        "python_version": "3.7.9 (default, Aug 31 2020, 17:10:11) [MSC v.1916 64 bit (AMD64)]",
        "command_line_arguments": "D:\\Program Files (x86)\\Anaconda3\\envs\\ml-agent-1.7.2\\Scripts\\mlagents-learn ./trainer_config.yaml --run-id hb_16 --resume",
        "mlagents_version": "0.23.0",
        "mlagents_envs_version": "0.23.0",
        "communication_protocol_version": "1.3.0",
        "pytorch_version": "1.7.0+cu110",
        "numpy_version": "1.18.5",
        "end_time_seconds": "1617084387"
    },
    "total": 1039.0014099999999,
    "count": 1,
    "self": 0.00838309999971898,
    "children": {
        "run_training.setup": {
            "total": 0.019618000000000135,
            "count": 1,
            "self": 0.019618000000000135
        },
        "TrainerController.start_learning": {
            "total": 1038.9734089,
            "count": 1,
            "self": 0.33565070000349806,
            "children": {
                "TrainerController._reset_env": {
                    "total": 15.8241542,
                    "count": 1,
                    "self": 15.8241542
                },
                "TrainerController.advance": {
                    "total": 1022.5549598999964,
                    "count": 9211,
                    "self": 0.16877529999169383,
                    "children": {
                        "env_step": {
                            "total": 1022.3861846000048,
                            "count": 9211,
                            "self": 996.6327000000034,
                            "children": {
                                "SubprocessEnvManager._take_step": {
                                    "total": 25.5881359000017,
                                    "count": 9211,
                                    "self": 0.6797684000013717,
                                    "children": {
                                        "TorchPolicy.evaluate": {
                                            "total": 24.908367500000328,
                                            "count": 9209,
                                            "self": 4.143089699996317,
                                            "children": {
                                                "TorchPolicy.sample_actions": {
                                                    "total": 20.76527780000401,
                                                    "count": 9209,
                                                    "self": 20.76527780000401
                                                }
                                            }
                                        }
                                    }
                                },
                                "workers": {
                                    "total": 0.16534869999966872,
                                    "count": 9210,
                                    "self": 0.0,
                                    "children": {
                                        "worker_root": {
                                            "total": 1022.4691351000021,
                                            "count": 9210,
                                            "is_parallel": true,
                                            "self": 39.27863980000336,
                                            "children": {
                                                "steps_from_proto": {
                                                    "total": 0.0005258000000001317,
                                                    "count": 1,
                                                    "is_parallel": true,
                                                    "self": 0.00022160000000148727,
                                                    "children": {
                                                        "_process_vector_observation": {
                                                            "total": 0.00030419999999864444,
                                                            "count": 4,
                                                            "is_parallel": true,
                                                            "self": 0.00030419999999864444
                                                        }
                                                    }
                                                },
                                                "UnityEnvironment.step": {
                                                    "total": 983.1899694999987,
                                                    "count": 9210,
                                                    "is_parallel": true,
                                                    "self": 1.286527100003127,
                                                    "children": {
                                                        "UnityEnvironment._generate_step_input": {
                                                            "total": 0.9109969999948859,
                                                            "count": 9210,
                                                            "is_parallel": true,
                                                            "self": 0.9109969999948859
                                                        },
                                                        "communicator.exchange": {
                                                            "total": 976.3354392000037,
                                                            "count": 9210,
                                                            "is_parallel": true,
                                                            "self": 976.3354392000037
                                                        },
                                                        "steps_from_proto": {
                                                            "total": 4.657006199997046,
                                                            "count": 9210,
                                                            "is_parallel": true,
                                                            "self": 2.21820549999061,