{
    "name": "root",
    "gauges": {
        "Mario.Policy.Entropy.mean": {
            "value": 2.429157257080078,
            "min": 2.3950929641723633,
            "max": 2.429157257080078,
            "count": 3
        },
        "Mario.Environment.EpisodeLength.mean": {
            "value": 8002.0,
            "min": 833.0,
            "max": 8002.0,
            "count": 3
        },
        "Mario.Policy.ExtrinsicValueEstimate.mean": {
            "value": -0.1493089199066162,
            "min": -0.16354158520698547,
            "max": -0.1493089199066162,
            "count": 3
        },
        "Mario.Policy.CuriosityValueEstimate.mean": {
            "value": 0.989672064781189,
            "min": 0.989672064781189,
            "max": 1.219076156616211,
            "count": 3
        },
        "Mario.Environment.CumulativeReward.mean": {
            "value": -15.954638867173344,
            "min": -15.954638867173344,
            "max": -1.8864634931087494,
            "count": 3
        },
        "Mario.Policy.ExtrinsicReward.mean": {
            "value": -15.954638867173344,
            "min": -15.954638867173344,
            "max": -1.8864634931087494,
            "count": 3
        },
        "Mario.Policy.CuriosityReward.mean": {
            "value": 117.42441339790821,
            "min": 0.0,
            "max": 117.42441339790821,
            "count": 3
        },
        "Mario.IsTraining.mean": {
            "value": 1.0,
            "min": 1.0,
            "max": 1.0,
            "count": 3
        },
        "Mario.Losses.PolicyLoss.mean": {
            "value": 0.07060452761846439,
            "min": 0.06932855069102081,
            "max": 0.07060452761846439,
            "count": 2
        },
        "Mario.Losses.ValueLoss.mean": {
            "value": 0.002050638566022768,
            "min": 0.0012052788883949186,
            "max": 0.002050638566022768,
            "count": 2
        },
        "Mario.Policy.LearningRate.mean": {
            "value": 0.00029992987742337424,
            "min": 0.00029992987742337424,
            "max": 0.00029993748122083956,
            "count": 2
        },
        "Mario.Policy.Epsilon.mean": {
            "value": 0.1999766258,
            "min": 0.1999766258,
            "max": 0.19997916040000008,
            "count": 2
        },
        "Mario.Policy.Beta.mean": {
            "value": 0.0009997685954199998,
            "min": 0.0009997685954199998,
            "max": 0.00099979368796,
            "count": 2
        },
        "Mario.Losses.CuriosityForwardLoss.mean": {
            "value": 0.01441293896604625,
            "min": 0.01441293896604625,
            "max": 0.015162053532640702,
            "count": 2
        },
        "Mario.Losses.CuriosityInverseLoss.mean": {
            "value": 2.1492667232240947,
            "min": 2.146437054160256,
            "max": 2.1492667232240947,
            "count": 2
        }
    },
    "metadata": {
        "timer_format_version": "0.1.0",
        "start_time_seconds": "1617169253",
        "python_version": "3.7.9 (default, Aug 31 2020, 17:10:11) [MSC v.1916 64 bit (AMD64)]",
        "command_line_arguments": "D:\\Program Files (x86)\\Anaconda3\\envs\\ml-agent-1.7.2\\Scripts\\mlagents-learn ./trainer_config.yaml --run-id simple_02 --resume",
        "mlagents_version": "0.23.0",
        "mlagents_envs_version": "0.23.0",
        "communication_protocol_version": "1.3.0",
        "pytorch_version": "1.7.0+cu110",
        "numpy_version": "1.18.5",
        "end_time_seconds": "1617172405"
    },
    "total": 3151.1366546,
    "count": 1,
    "self": 0.005868999999620428,
    "children": {
        "run_training.setup": {
            "total": 0.020001399999999947,
            "count": 1,
            "self": 0.020001399999999947
        },
        "TrainerController.start_learning": {
            "total": 3151.1107842,
            "count": 1,
            "self": 1.1445419999859041,
            "children": {
                "TrainerController._reset_env": {
                    "total": 11.670289799999999,
                    "count": 1,
                    "self": 11.670289799999999
                },
                "TrainerController.advance": {
                    "total": 3137.9374489000147,
                    "count": 31064,
                    "self": 0.5918773000294095,
                    "children": {
                        "env_step": {
                            "total": 3137.3455715999853,
                            "count": 31064,
                            "self": 3012.7065736999766,
                            "children": {
                                "SubprocessEnvManager._take_step": {
                                    "total": 123.76755019999374,
                                    "count": 31064,
                                    "self": 2.4472336999698996,
                                    "children": {
                                        "TorchPolicy.evaluate": {
                                            "total": 121.32031650002384,
                                            "count": 31058,
                                            "self": 15.284285700053658,
                                            "children": {
                                                "TorchPolicy.sample_actions": {
                                                    "total": 106.03603079997018,
                                                    "count": 31058,
                                                    "self": 106.03603079997018
                                                }
                                            }
                                        }
                                    }
                                },
                                "workers": {
                                    "total": 0.8714477000151408,
                                    "count": 31063,
                                    "self": 0.0,
                                    "children": {
                                        "worker_root": {
                                            "total": 3137.6094818000147,
                                            "count": 31063,
                                            "is_parallel": true,
                                            "self": 180.3708176000414,
                                            "children": {
                                                "steps_from_proto": {
                                                    "total": 0.017053300000000604,
                                                    "count": 1,
                                                    "is_parallel": true,
                                                    "self": 0.00019879999999794506,
                                                    "children": {
                                                        "_process_visual_observation": {
                                                            "total": 0.016728800000002764,
                                                            "count": 2,
                                                            "is_parallel": true,
                                                            "self": 3.0100000003585592e-05,
                                                            "children": {
                                                                "observation_to_np_array": {
                                                                    "total": 0.016698699999999178,
                                                                    "count": 1,
                                                                    "is_parallel": true,
                                                                    "self": 2.8299999998537828e-05,