{
    "name": "root",
    "gauges": {
        "Mario.Policy.Entropy.mean": {
            "value": 2.4392080307006836,
            "min": 2.4347951412200928,
            "max": 2.484891414642334,
            "count": 6
        },
        "Mario.Environment.EpisodeLength.mean": {
            "value": 2856.2,
            "min": 92.0,
            "max": 8002.0,
            "count": 6
        },
        "Mario.Policy.ExtrinsicValueEstimate.mean": {
            "value": -0.1122121810913086,
            "min": -0.1122121810913086,
            "max": -0.008281917311251163,
            "count": 6
        },
        "Mario.Policy.CuriosityValueEstimate.mean": {
            "value": 0.8409969210624695,
            "min": -0.018883993849158287,
            "max": 0.8409969210624695,
            "count": 6
        },
        "Mario.Environment.CumulativeReward.mean": {
            "value": -5.768400625791401,
            "min": -15.924001924227923,
            "max": -0.3840000331401825,
            "count": 6
        },
        "Mario.Policy.ExtrinsicReward.mean": {
            "value": -5.768400625791401,
            "min": -15.924001924227923,
            "max": -0.3840000331401825,
            "count": 6
        },
        "Mario.Policy.CuriosityReward.mean": {
            "value": 64.43789655566215,
            "min": 0.0,
            "max": 169.47109081968665,
            "count": 6
        },
        "Mario.IsTraining.mean": {
            "value": 1.0,
            "min": 1.0,
            "max": 1.0,
            "count": 6
        },
        "Mario.Losses.PolicyLoss.mean": {
            "value": 0.06921066897943091,
            "min": 0.06921066897943091,
            "max": 0.07540696348273652,
            "count": 5
        },
        "Mario.Losses.ValueLoss.mean": {
            "value": 0.007673703754941623,
            "min": 0.00019450722455904626,
            "max": 0.04213899788625825,
            "count": 5
        },
        "Mario.Policy.LearningRate.mean": {
            "value": 0.0002999632782122405,
            "min": 0.0002999632782122405,
            "max": 0.00029999267460244184,
            "count": 5
        },
        "Mario.Policy.Epsilon.mean": {
            "value": 0.1999877594,
            "min": 0.1999877594,
            "max": 0.1999975582,
            "count": 5
        },
        "Mario.Policy.Beta.mean": {
            "value": 0.00099987881806,
            "min": 0.00099987881806,
            "max": 0.0009999758261799998,
            "count": 5
        },
        "Mario.Losses.CuriosityForwardLoss.mean": {
            "value": 0.017617948853100338,
            "min": 0.017617948853100338,
            "max": 0.029759917095481807,
            "count": 5
        },
        "Mario.Losses.CuriosityInverseLoss.mean": {
            "value": 2.152835230429967,
            "min": 2.152835230429967,
            "max": 2.4731921960811802,
            "count": 5
        }
    },
    "metadata": {
        "timer_format_version": "0.1.0",
        "start_time_seconds": "1617249043",
        "python_version": "3.7.9 (default, Aug 31 2020, 17:10:11) [MSC v.1916 64 bit (AMD64)]",
        "command_line_arguments": "D:\\Program Files (x86)\\Anaconda3\\envs\\ml-agent-1.7.2\\Scripts\\mlagents-learn ./trainer_config.yaml --run-id hb_018 --time-scale 50",
        "mlagents_version": "0.23.0",
        "mlagents_envs_version": "0.23.0",
        "communication_protocol_version": "1.3.0",
        "pytorch_version": "1.7.0+cu110",
        "numpy_version": "1.18.5",
        "end_time_seconds": "1617257405"
    },
    "total": 8361.9749797,
    "count": 1,
    "self": 0.007206399999631685,
    "children": {
        "run_training.setup": {
            "total": 0.011932100000000112,
            "count": 1,
            "self": 0.011932100000000112
        },
        "TrainerController.start_learning": {
            "total": 8361.9558412,
            "count": 1,
            "self": 3.474147000024459,
            "children": {
                "TrainerController._reset_env": {
                    "total": 7.1000426999999995,
                    "count": 1,
                    "self": 7.1000426999999995
                },
                "TrainerController.advance": {
                    "total": 8351.003235299977,
                    "count": 81032,
                    "self": 1.5827971999697183,
                    "children": {
                        "env_step": {
                            "total": 8349.420438100007,
                            "count": 81032,
                            "self": 8020.783929700203,
                            "children": {
                                "SubprocessEnvManager._take_step": {
                                    "total": 326.3697022999577,
                                    "count": 81032,
                                    "self": 6.482740200008493,
                                    "children": {
                                        "TorchPolicy.evaluate": {
                                            "total": 319.8869620999492,
                                            "count": 81016,
                                            "self": 39.221303799895395,
                                            "children": {
                                                "TorchPolicy.sample_actions": {
                                                    "total": 280.6656583000538,
                                                    "count": 81016,
                                                    "self": 280.6656583000538
                                                }
                                            }
                                        }
                                    }
                                },
                                "workers": {
                                    "total": 2.2668060998467077,
                                    "count": 81031,
                                    "self": 0.0,
                                    "children": {
                                        "worker_root": {
                                            "total": 8349.69009809995,
                                            "count": 81031,
                                            "is_parallel": true,
                                            "self": 479.21310150004865,
                                            "children": {
                                                "steps_from_proto": {
                                                    "total": 0.0156237999999993,
                                                    "count": 1,
                                                    "is_parallel": true,
                                                    "self": 0.00020039999999976743,
                                                    "children": {
                                                        "_process_visual_observation": {
                                                            "total": 0.015293999999999919,
                                                            "count": 2,
                                                            "is_parallel": true,
                                                            "self": 2.9800000000079763e-05,
                                                            "children": {
                                                                "observation_to_np_array": {
                                                                    "total": 0.015264199999999839,
                                                                    "count": 1,
                                                                    "is_parallel": true,
                                                                    "self": 4.149999999913945e-05,