{
    "name": "root",
    "metadata": {
        "timer_format_version": "0.1.0",
        "start_time_seconds": "1617219682",
        "python_version": "3.7.9 (default, Aug 31 2020, 17:10:11) [MSC v.1916 64 bit (AMD64)]",
        "command_line_arguments": "D:\\Program Files (x86)\\Anaconda3\\envs\\ml-agent-1.7.2\\Scripts\\mlagents-learn ./trainer_config.yaml --run-id hb_04",
        "mlagents_version": "0.23.0",
        "mlagents_envs_version": "0.23.0",
        "communication_protocol_version": "1.3.0",
        "pytorch_version": "1.7.0+cu110",
        "numpy_version": "1.18.5",
        "end_time_seconds": "1617220628"
    },
    "total": 946.2016512,
    "count": 1,
    "self": 0.0059923999999682565,
    "children": {
        "run_training.setup": {
            "total": 0.013882200000000067,
            "count": 1,
            "self": 0.013882200000000067
        },
        "TrainerController.start_learning": {
            "total": 946.1817766,
            "count": 1,
            "self": 0.418849999990357,
            "children": {
                "TrainerController._reset_env": {
                    "total": 4.4893933,
                    "count": 1,
                    "self": 4.4893933
                },
                "TrainerController.advance": {
                    "total": 940.9474690000097,
                    "count": 12521,
                    "self": 0.21766790000708625,
                    "children": {
                        "env_step": {
                            "total": 940.7298011000026,
                            "count": 12521,
                            "self": 897.6035575000021,
                            "children": {
                                "SubprocessEnvManager._take_step": {
                                    "total": 42.831952600002495,
                                    "count": 12521,
                                    "self": 0.8722592999955197,
                                    "children": {
                                        "TorchPolicy.evaluate": {
                                            "total": 41.959693300006975,
                                            "count": 12519,
                                            "self": 5.368857400012338,
                                            "children": {
                                                "TorchPolicy.sample_actions": {
                                                    "total": 36.59083589999464,
                                                    "count": 12519,
                                                    "self": 36.59083589999464
                                                }
                                            }
                                        }
                                    }
                                },
                                "workers": {
                                    "total": 0.2942909999979877,
                                    "count": 12520,
                                    "self": 0.0,
                                    "children": {
                                        "worker_root": {
                                            "total": 940.8190213000025,
                                            "count": 12520,
                                            "is_parallel": true,
                                            "self": 63.336914800003115,
                                            "children": {
                                                "steps_from_proto": {
                                                    "total": 0.0320096999999997,
                                                    "count": 1,
                                                    "is_parallel": true,
                                                    "self": 0.00038219999999977716,
                                                    "children": {
                                                        "_process_visual_observation": {
                                                            "total": 0.031367799999999946,
                                                            "count": 2,
                                                            "is_parallel": true,
                                                            "self": 6.219999999945713e-05,
                                                            "children": {
                                                                "observation_to_np_array": {
                                                                    "total": 0.03130560000000049,
                                                                    "count": 1,
                                                                    "is_parallel": true,
                                                                    "self": 6.500000000109196e-05,
                                                                    "children": {
                                                                        "process_pixels": {
                                                                            "total": 0.031240599999999397,
                                                                            "count": 1,
                                                                            "is_parallel": true,
                                                                            "self": 0.00039579999999972415,
                                                                            "children": {
                                                                                "image_decompress": {
                                                                                    "total": 0.030844799999999672,
                                                                                    "count": 1,
                                                                                    "is_parallel": true,
                                                                                    "self": 0.030844799999999672
                                                                                }
                                                                            }
                                                                        }
                                                                    }
                                                                }
                                                            }
                                                        },
                                                        "_process_vector_observation": {
                                                            "total": 0.00025969999999997384,
                                                            "count": 2,
                                                            "is_parallel": true,
                                                            "self": 0.00025969999999997384
                                                        }
                                                    }
                                                },
                                                "UnityEnvironment.step": {
                                                    "total": 877.4500967999994,
                                                    "count": 12520,
                                                    "is_parallel": true,
                                                    "self": 1.7168033000056084,
                                                    "children": {
                                                        "UnityEnvironment._generate_step_input": {
                                                            "total": 1.2354021999975702,
                                                            "count": 12520,
                                                            "is_parallel": true,