{
    "name": "root",
    "metadata": {
        "timer_format_version": "0.1.0",
        "start_time_seconds": "1617058305",
        "python_version": "3.7.9 (default, Aug 31 2020, 17:10:11) [MSC v.1916 64 bit (AMD64)]",
        "command_line_arguments": "D:\\Program Files (x86)\\Anaconda3\\envs\\ml-agent-1.7.2\\Scripts\\mlagents-learn ./trainer_config.yaml --run-id hb_14",
        "mlagents_version": "0.23.0",
        "mlagents_envs_version": "0.23.0",
        "communication_protocol_version": "1.3.0",
        "pytorch_version": "1.7.0+cu110",
        "numpy_version": "1.18.5",
        "end_time_seconds": "1617058384"
    },
    "total": 79.39025149999999,
    "count": 1,
    "self": 0.01036999999998045,
    "children": {
        "run_training.setup": {
            "total": 0.012254399999999999,
            "count": 1,
            "self": 0.012254399999999999
        },
        "TrainerController.start_learning": {
            "total": 79.3676271,
            "count": 1,
            "self": 0.030032599999884724,
            "children": {
                "TrainerController._reset_env": {
                    "total": 39.7975643,
                    "count": 1,
                    "self": 39.7975643
                },
                "TrainerController.advance": {
                    "total": 39.257668000000116,
                    "count": 617,
                    "self": 0.014507300000119017,
                    "children": {
                        "env_step": {
                            "total": 39.2431607,
                            "count": 617,
                            "self": 36.934681900000164,
                            "children": {
                                "SubprocessEnvManager._take_step": {
                                    "total": 2.294970300000003,
                                    "count": 617,
                                    "self": 0.05789990000016587,
                                    "children": {
                                        "TorchPolicy.evaluate": {
                                            "total": 2.237070399999837,
                                            "count": 616,
                                            "self": 0.3541213999999968,
                                            "children": {
                                                "TorchPolicy.sample_actions": {
                                                    "total": 1.8829489999998401,
                                                    "count": 616,
                                                    "self": 1.8829489999998401
                                                }
                                            }
                                        }
                                    }
                                },
                                "workers": {
                                    "total": 0.013508499999829837,
                                    "count": 616,
                                    "self": 0.0,
                                    "children": {
                                        "worker_root": {
                                            "total": 39.26455360000005,
                                            "count": 616,
                                            "is_parallel": true,
                                            "self": 3.415712500000005,
                                            "children": {
                                                "steps_from_proto": {
                                                    "total": 0.00047020000000230766,
                                                    "count": 1,
                                                    "is_parallel": true,
                                                    "self": 0.00020450000000238333,
                                                    "children": {
                                                        "_process_vector_observation": {
                                                            "total": 0.00026569999999992433,
                                                            "count": 4,
                                                            "is_parallel": true,
                                                            "self": 0.00026569999999992433
                                                        }
                                                    }
                                                },
                                                "UnityEnvironment.step": {
                                                    "total": 35.84837090000004,
                                                    "count": 616,
                                                    "is_parallel": true,
                                                    "self": 0.09726339999983935,
                                                    "children": {
                                                        "UnityEnvironment._generate_step_input": {
                                                            "total": 0.07792300000019026,
                                                            "count": 616,
                                                            "is_parallel": true,
                                                            "self": 0.07792300000019026
                                                        },
                                                        "communicator.exchange": {
                                                            "total": 35.30712119999992,
                                                            "count": 616,
                                                            "is_parallel": true,
                                                            "self": 35.30712119999992
                                                        },
                                                        "steps_from_proto": {
                                                            "total": 0.3660633000000928,
                                                            "count": 616,
                                                            "is_parallel": true,
                                                            "self": 0.179932799999726,
                                                            "children": {
                                                                "_process_vector_observation": {
                                                                    "total": 0.1861305000003668,
                                                                    "count": 2464,
                                                                    "is_parallel": true,
                                                                    "self": 0.1861305000003668
                                                                }
                                                            }
                                                        }
                                                    }
                                                }
                                            }
                                        }
                                    }
                                }
                            }
                        }
                    }
                },
                "trainer_threads": {
                    "total": 3.670000000965956e-05,
                    "count": 1,
                    "self": 3.670000000965956e-05,
                    "children": {
                        "thread_root": {
                            "total": 0.0,
                            "count": 0,
                            "is_parallel": true,
                            "self": 0.0,
                            "children": {
                                "trainer_advance": {
                                    "total": 38.7776547000004,