{
    "name": "root",
    "gauges": {
        "Mario.Policy.Entropy.mean": {
            "value": 2.2973148822784424,
            "min": 2.2973148822784424,
            "max": 2.4813835620880127,
            "count": 7
        },
        "Mario.Environment.EpisodeLength.mean": {
            "value": 8002.0,
            "min": 1937.75,
            "max": 8002.0,
            "count": 7
        },
        "Mario.Policy.ExtrinsicValueEstimate.mean": {
            "value": 0.290332168340683,
            "min": -0.03931385651230812,
            "max": 0.290332168340683,
            "count": 7
        },
        "Mario.Policy.CuriosityValueEstimate.mean": {
            "value": 1.1081105470657349,
            "min": 0.1651044487953186,
            "max": 1.1081105470657349,
            "count": 7
        },
        "Mario.Environment.CumulativeReward.mean": {
            "value": 39.43905656412244,
            "min": 10.049373596906662,
            "max": 39.43905656412244,
            "count": 7
        },
        "Mario.Policy.ExtrinsicReward.mean": {
            "value": 39.43905656412244,
            "min": 10.049373596906662,
            "max": 39.43905656412244,
            "count": 7
        },
        "Mario.Policy.CuriosityReward.mean": {
            "value": 197.41088089719415,
            "min": 0.0,
            "max": 254.1025897115469,
            "count": 7
        },
        "Mario.IsTraining.mean": {
            "value": 1.0,
            "min": 1.0,
            "max": 1.0,
            "count": 7
        },
        "Mario.Losses.PolicyLoss.mean": {
            "value": 0.07188503972229315,
            "min": 0.06763426394042048,
            "max": 0.07495628942713665,
            "count": 6
        },
        "Mario.Losses.ValueLoss.mean": {
            "value": 0.008272565707630661,
            "min": 0.00015994463974035948,
            "max": 0.11686230804829212,
            "count": 6
        },
        "Mario.Policy.LearningRate.mean": {
            "value": 0.0002999552928149023,
            "min": 0.0002999552928149023,
            "max": 0.00029999234700255094,
            "count": 6
        },
        "Mario.Policy.Epsilon.mean": {
            "value": 0.19998509759999994,
            "min": 0.19998509759999994,
            "max": 0.19999744900000005,
            "count": 6
        },
        "Mario.Policy.Beta.mean": {
            "value": 0.0009998524662400002,
            "min": 0.0009998524662400002,
            "max": 0.0009999747450999998,
            "count": 6
        },
        "Mario.Losses.CuriosityForwardLoss.mean": {
            "value": 0.021188860099075488,
            "min": 0.021179148747275275,
            "max": 0.03117080438961187,
            "count": 6
        },
        "Mario.Losses.CuriosityInverseLoss.mean": {
            "value": 1.9963264303299988,
            "min": 1.9963264303299988,
            "max": 2.4651245988389983,
            "count": 6
        }
    },
    "metadata": {
        "timer_format_version": "0.1.0",
        "start_time_seconds": "1617183437",
        "python_version": "3.7.9 (default, Aug 31 2020, 17:10:11) [MSC v.1916 64 bit (AMD64)]",
        "command_line_arguments": "D:\\Program Files (x86)\\Anaconda3\\envs\\ml-agent-1.7.2\\Scripts\\mlagents-learn ./trainer_config.yaml --run-id simple_03 --time-scale 50 --resume",
        "mlagents_version": "0.23.0",
        "mlagents_envs_version": "0.23.0",
        "communication_protocol_version": "1.3.0",
        "pytorch_version": "1.7.0+cu110",
        "numpy_version": "1.18.5",
        "end_time_seconds": "1617188660"
    },
    "total": 5223.4137093,
    "count": 1,
    "self": 0.006189099999573955,
    "children": {
        "run_training.setup": {
            "total": 0.019670999999999994,
            "count": 1,
            "self": 0.019670999999999994
        },
        "TrainerController.start_learning": {
            "total": 5223.3878492,
            "count": 1,
            "self": 3.515245300089191,
            "children": {
                "TrainerController._reset_env": {
                    "total": 7.9732684,
                    "count": 1,
                    "self": 7.9732684
                },
                "TrainerController.advance": {
                    "total": 5211.5246995999105,
                    "count": 90240,
                    "self": 1.8615803998773117,
                    "children": {
                        "env_step": {
                            "total": 5209.663119200033,
                            "count": 90240,
                            "self": 4813.039743199888,
                            "children": {
                                "SubprocessEnvManager._take_step": {
                                    "total": 393.9031148000078,
                                    "count": 90240,
                                    "self": 7.627061300014816,
                                    "children": {
                                        "TorchPolicy.evaluate": {
                                            "total": 386.276053499993,
                                            "count": 90225,
                                            "self": 46.68949899991179,
                                            "children": {
                                                "TorchPolicy.sample_actions": {
                                                    "total": 339.5865545000812,
                                                    "count": 90225,
                                                    "self": 339.5865545000812
                                                }
                                            }
                                        }
                                    }
                                },
                                "workers": {
                                    "total": 2.720261200137365,
                                    "count": 90239,
                                    "self": 0.0,
                                    "children": {
                                        "worker_root": {
                                            "total": 5210.0771559000395,
                                            "count": 90239,
                                            "is_parallel": true,
                                            "self": 569.823295500034,
                                            "children": {
                                                "steps_from_proto": {
                                                    "total": 0.01665440000000018,
                                                    "count": 1,
                                                    "is_parallel": true,
                                                    "self": 0.00019640000000098468,
                                                    "children": {
                                                        "_process_visual_observation": {
                                                            "total": 0.01632519999999893,
                                                            "count": 2,
                                                            "is_parallel": true,
                                                            "self": 3.469999999961004e-05,
                                                            "children": {
                                                                "observation_to_np_array": {
                                                                    "total": 0.01629049999999932,
                                                                    "count": 1,
                                                                    "is_parallel": true,
                                                                    "self": 2.6599999999987745e-05,