{
    "name": "root",
    "metadata": {
        "timer_format_version": "0.1.0",
        "start_time_seconds": "1617054388",
        "python_version": "3.7.9 (default, Aug 31 2020, 17:10:11) [MSC v.1916 64 bit (AMD64)]",
        "command_line_arguments": "D:\\Program Files (x86)\\Anaconda3\\envs\\ml-agent-1.7.2\\Scripts\\mlagents-learn ./trainer_config.yaml --run-id hb_12 --resume",
        "mlagents_version": "0.23.0",
        "mlagents_envs_version": "0.23.0",
        "communication_protocol_version": "1.3.0",
        "pytorch_version": "1.7.0+cu110",
        "numpy_version": "1.18.5",
        "end_time_seconds": "1617054420"
    },
    "total": 31.8871797,
    "count": 1,
    "self": 0.006099799999997657,
    "children": {
        "run_training.setup": {
            "total": 0.019915499999999975,
            "count": 1,
            "self": 0.019915499999999975
        },
        "TrainerController.start_learning": {
            "total": 31.861164400000003,
            "count": 1,
            "self": 0.02651190000003467,
            "children": {
                "TrainerController._reset_env": {
                    "total": 10.5428199,
                    "count": 1,
                    "self": 10.5428199
                },
                "TrainerController.advance": {
                    "total": 21.04356379999997,
                    "count": 673,
                    "self": 0.011567799999991024,
                    "children": {
                        "env_step": {
                            "total": 21.031995999999978,
                            "count": 673,
                            "self": 19.426282099999987,
                            "children": {
                                "SubprocessEnvManager._take_step": {
                                    "total": 1.594366500000028,
                                    "count": 673,
                                    "self": 0.04722120000002228,
                                    "children": {
                                        "TorchPolicy.evaluate": {
                                            "total": 1.5471453000000057,
                                            "count": 673,
                                            "self": 0.2753646000000547,
                                            "children": {
                                                "TorchPolicy.sample_actions": {
                                                    "total": 1.271780699999951,
                                                    "count": 673,
                                                    "self": 1.271780699999951
                                                }
                                            }
                                        }
                                    }
                                },
                                "workers": {
                                    "total": 0.011347399999960928,
                                    "count": 672,
                                    "self": 0.0,
                                    "children": {
                                        "worker_root": {
                                            "total": 21.064356500000034,
                                            "count": 672,
                                            "is_parallel": true,
                                            "self": 2.5805450000000256,
                                            "children": {
                                                "steps_from_proto": {
                                                    "total": 0.0004337000000003144,
                                                    "count": 1,
                                                    "is_parallel": true,
                                                    "self": 0.0001744000000005741,
                                                    "children": {
                                                        "_process_vector_observation": {
                                                            "total": 0.0002592999999997403,
                                                            "count": 4,
                                                            "is_parallel": true,
                                                            "self": 0.0002592999999997403
                                                        }
                                                    }
                                                },
                                                "UnityEnvironment.step": {
                                                    "total": 18.48337780000001,
                                                    "count": 672,
                                                    "is_parallel": true,
                                                    "self": 0.08481119999999365,
                                                    "children": {
                                                        "UnityEnvironment._generate_step_input": {
                                                            "total": 0.06138549999999654,
                                                            "count": 672,
                                                            "is_parallel": true,
                                                            "self": 0.06138549999999654
                                                        },
                                                        "communicator.exchange": {
                                                            "total": 18.026143700000045,
                                                            "count": 672,
                                                            "is_parallel": true,
                                                            "self": 18.026143700000045
                                                        },
                                                        "steps_from_proto": {
                                                            "total": 0.31103739999997515,
                                                            "count": 672,
                                                            "is_parallel": true,
                                                            "self": 0.1486882999999093,
                                                            "children": {
                                                                "_process_vector_observation": {
                                                                    "total": 0.16234910000006586,
                                                                    "count": 2688,
                                                                    "is_parallel": true,
                                                                    "self": 0.16234910000006586
                                                                }
                                                            }
                                                        }
                                                    }
                                                }
                                            }
                                        }
                                    }
                                }
                            }
                        }
                    }
                },
                "trainer_threads": {
                    "total": 2.6300000001810986e-05,
                    "count": 1,
                    "self": 2.6300000001810986e-05,
                    "children": {
                        "thread_root": {
                            "total": 0.0,
                            "count": 0,
                            "is_parallel": true,
                            "self": 0.0,
                            "children": {
                                "trainer_advance": {
                                    "total": 20.83446460000021,