{
    "name": "root",
    "metadata": {
        "timer_format_version": "0.1.0",
        "start_time_seconds": "1616963975",
        "python_version": "3.7.9 (default, Aug 31 2020, 17:10:11) [MSC v.1916 64 bit (AMD64)]",
        "command_line_arguments": "D:\\Program Files (x86)\\Anaconda3\\envs\\ml-agent-1.7.2\\Scripts\\mlagents-learn ./trainer_config.yaml --run-id hb_06",
        "mlagents_version": "0.23.0",
        "mlagents_envs_version": "0.23.0",
        "communication_protocol_version": "1.3.0",
        "pytorch_version": "1.7.0+cu110",
        "numpy_version": "1.18.5",
        "end_time_seconds": "1616964149"
    },
    "total": 173.2584307,
    "count": 1,
    "self": 0.008556199999986802,
    "children": {
        "run_training.setup": {
            "total": 0.012466100000000147,
            "count": 1,
            "self": 0.012466100000000147
        },
        "TrainerController.start_learning": {
            "total": 173.2374084,
            "count": 1,
            "self": 0.1322100999993836,
            "children": {
                "TrainerController._reset_env": {
                    "total": 8.992819,
                    "count": 1,
                    "self": 8.992819
                },
                "TrainerController.advance": {
                    "total": 163.81036360000058,
                    "count": 3206,
                    "self": 0.06737060000020278,
                    "children": {
                        "env_step": {
                            "total": 163.74299300000038,
                            "count": 3206,
                            "self": 152.64819249999925,
                            "children": {
                                "SubprocessEnvManager._take_step": {
                                    "total": 11.034167300000357,
                                    "count": 3206,
                                    "self": 0.2380242000003996,
                                    "children": {
                                        "TorchPolicy.evaluate": {
                                            "total": 10.796143099999957,
                                            "count": 3203,
                                            "self": 1.524438299999721,
                                            "children": {
                                                "TorchPolicy.sample_actions": {
                                                    "total": 9.271704800000236,
                                                    "count": 3203,
                                                    "self": 9.271704800000236
                                                }
                                            }
                                        }
                                    }
                                },
                                "workers": {
                                    "total": 0.060633200000777876,
                                    "count": 3205,
                                    "self": 0.0,
                                    "children": {
                                        "worker_root": {
                                            "total": 163.7706987999998,
                                            "count": 3205,
                                            "is_parallel": true,
                                            "self": 16.11916430000005,
                                            "children": {
                                                "steps_from_proto": {
                                                    "total": 0.00040919999999999845,
                                                    "count": 1,
                                                    "is_parallel": true,
                                                    "self": 0.0001689000000002494,
                                                    "children": {
                                                        "_process_vector_observation": {
                                                            "total": 0.00024029999999974905,
                                                            "count": 4,
                                                            "is_parallel": true,
                                                            "self": 0.00024029999999974905
                                                        }
                                                    }
                                                },
                                                "UnityEnvironment.step": {
                                                    "total": 147.65112529999973,
                                                    "count": 3205,
                                                    "is_parallel": true,
                                                    "self": 0.43178460000100927,
                                                    "children": {
                                                        "UnityEnvironment._generate_step_input": {
                                                            "total": 0.3334845999995224,
                                                            "count": 3205,
                                                            "is_parallel": true,
                                                            "self": 0.3334845999995224
                                                        },
                                                        "communicator.exchange": {
                                                            "total": 145.32825489999928,
                                                            "count": 3205,
                                                            "is_parallel": true,
                                                            "self": 145.32825489999928
                                                        },
                                                        "steps_from_proto": {
                                                            "total": 1.5576011999999047,
                                                            "count": 3205,
                                                            "is_parallel": true,
                                                            "self": 0.7721746999994661,
                                                            "children": {
                                                                "_process_vector_observation": {
                                                                    "total": 0.7854265000004386,
                                                                    "count": 12820,
                                                                    "is_parallel": true,
                                                                    "self": 0.7854265000004386
                                                                }
                                                            }
                                                        }
                                                    }
                                                }
                                            }
                                        }
                                    }
                                }
                            }
                        }
                    }
                },
                "trainer_threads": {
                    "total": 2.8600000007372728e-05,
                    "count": 1,
                    "self": 2.8600000007372728e-05,
                    "children": {
                        "thread_root": {
                            "total": 0.0,
                            "count": 0,
                            "is_parallel": true,
                            "self": 0.0,
                            "children": {
                                "trainer_advance": {
                                    "total": 161.9090136999975,