{"count":1,"self":402.7286016,"total":440.0531648,"children":{"InitializeActuators":{"count":14,"self":0.0029917,"total":0.0029917,"children":null},"InitializeSensors":{"count":14,"self":0.0019955999999999997,"total":0.0019955999999999997,"children":null},"AgentSendState":{"count":17906,"self":0.4298835,"total":6.0382601,"children":{"CollectObservations":{"count":3183,"self":0.026927899999999998,"total":0.026927899999999998,"children":null},"WriteActionMask":{"count":3183,"self":0.0299165,"total":0.0299165,"children":null},"RequestDecision":{"count":3183,"self":0.12962759999999998,"total":5.5515322,"children":{"AgentInfo.ToProto":{"count":3183,"self":0.0877652,"total":5.4219045999999995,"children":{"GenerateSensorData":{"count":3183,"self":0.1336009,"total":5.3341394,"children":{"CameraSensor.GetCompressedObservation":{"count":3183,"self":5.2005384,"total":5.2005384999999995,"children":null}}}}}}}}},"DecideAction":{"count":17906,"self":30.2990112,"total":30.299011099999998,"children":null},"AgentAct":{"count":17906,"self":0.9523596,"total":0.9523596,"children":null},"AgentInfo.ToProto":{"count":13,"self":0,"total":0.027945499999999998,"children":{"GenerateSensorData":{"count":13,"self":0.000998,"total":0.027945499999999998,"children":{"CameraSensor.GetCompressedObservation":{"count":13,"self":0.0269475,"total":0.0269475,"children":null}}}}}},"gauges":{"Mario.CumulativeReward":{"count":10,"max":-0.3899999,"min":-5.66004324,"runningAverage":-2.32600617,"value":-1.399999,"weightedAverage":-1.69597292}},"metadata":{"timer_format_version":"0.1.0","start_time_seconds":"1617353585","unity_version":"2019.4.17f1","command_line_arguments":"C:\\Program Files\\Unity\\Hub\\Editor\\2019.4.17f1\\Editor\\Unity.exe -projectpath D:\/ms\/Mairo -useHub -hubIPC -cloudEnvironment production -hubSessionId 896bec90-938f-11eb-8342-17becfa04370","communication_protocol_version":"1.3.0","com.unity.ml-agents_version":"1.7.2-preview","scene_name":"World 1-1","end_time_seconds":"1617354025"}}