{"count":1,"self":161.37075199999998,"total":174.8676329,"children":{"InitializeActuators":{"count":4,"self":0.0029923999999999997,"total":0.0029923999999999997,"children":null},"InitializeSensors":{"count":4,"self":0.0029928,"total":0.0029928,"children":null},"AgentSendState":{"count":5571,"self":0.1844467,"total":1.6731618,"children":{"CollectObservations":{"count":997,"self":0.6897992,"total":0.6897992,"children":null},"WriteActionMask":{"count":997,"self":0.011960199999999999,"total":0.011960199999999999,"children":null},"RequestDecision":{"count":997,"self":0.0558511,"total":0.78695569999999992,"children":{"AgentInfo.ToProto":{"count":997,"self":0.0279277,"total":0.7311046,"children":{"GenerateSensorData":{"count":997,"self":0.0648132,"total":0.7031769,"children":{"RayPerceptionSensor.Perceive":{"count":997,"self":0.6383637,"total":0.6383637,"children":null}}}}}}}}},"DecideAction":{"count":5571,"self":11.608794399999999,"total":11.608794399999999,"children":null},"AgentAct":{"count":5571,"self":0.2059454,"total":0.2059454,"children":null},"AgentInfo.ToProto":{"count":2,"self":0,"total":0.00099739999999999985,"children":{"GenerateSensorData":{"count":2,"self":0,"total":0.00099739999999999985,"children":{"RayPerceptionSensor.Perceive":{"count":2,"self":0.00099739999999999985,"total":0.00099739999999999985,"children":null}}}}}},"gauges":{"Mario.CumulativeReward":{"count":1,"max":-0.4632195,"min":-0.4632195,"runningAverage":-0.4632195,"value":-0.4632195,"weightedAverage":-0.4632195}},"metadata":{"timer_format_version":"0.1.0","start_time_seconds":"1616512689","unity_version":"2019.4.17f1","command_line_arguments":"C:\\Program Files\\Unity\\Hub\\Editor\\2019.4.17f1\\Editor\\Unity.exe -projectpath D:\/ms\/Mairo -useHub -hubIPC -cloudEnvironment production -skipUpgradeDialogs -hubSessionId 8039aae0-8bb0-11eb-a2a5-27c7a369b07e","communication_protocol_version":"1.3.0","com.unity.ml-agents_version":"1.7.2-preview","scene_name":"World 1-1","end_time_seconds":"1616512864"}}