{"count":1,"self":15070.0670976,"total":16975.7725644,"children":{"InitializeActuators":{"count":32,"self":0.0039886999999999995,"total":0.0039886999999999995,"children":null},"InitializeSensors":{"count":32,"self":0.00099739999999999985,"total":0.00099739999999999985,"children":null},"AgentSendState":{"count":812561,"self":22.0969344,"total":335.0958384,"children":{"CollectObservations":{"count":161291,"self":4.701738,"total":4.701738,"children":null},"WriteActionMask":{"count":161291,"self":1.7440432,"total":1.7440433,"children":null},"RequestDecision":{"count":161291,"self":7.7602439999999993,"total":306.55312299999997,"children":{"AgentInfo.ToProto":{"count":161291,"self":4.5871904,"total":298.7928789,"children":{"GenerateSensorData":{"count":161291,"self":11.1278376,"total":294.2056887,"children":{"CameraSensor.GetCompressedObservation":{"count":161291,"self":283.0778624,"total":283.07785129999996,"children":null}}}}}}}}},"DecideAction":{"count":812561,"self":1543.1954432,"total":1543.195467,"children":null},"AgentAct":{"count":812561,"self":27.3477376,"total":27.347738,"children":null},"AgentInfo.ToProto":{"count":25,"self":0.0010026,"total":0.060349299999999995,"children":{"GenerateSensorData":{"count":25,"self":0.0029451,"total":0.059346699999999995,"children":{"CameraSensor.GetCompressedObservation":{"count":25,"self":0.056401599999999996,"total":0.056401599999999996,"children":null}}}}}},"gauges":{"Mario.CumulativeReward":{"count":21,"max":-0.458000571,"min":-16.0072079,"runningAverage":-13.0045166,"value":-0.5360002,"weightedAverage":-10.910471}},"metadata":{"timer_format_version":"0.1.0","start_time_seconds":"1617257582","unity_version":"2019.4.17f1","command_line_arguments":"C:\\Program Files\\Unity\\Hub\\Editor\\2019.4.17f1\\Editor\\Unity.exe -projectpath D:\/ms\/Mairo -useHub -hubIPC -cloudEnvironment production -hubSessionId f793a1c0-923d-11eb-9a25-ef9bfb5fb6bf","communication_protocol_version":"1.3.0","com.unity.ml-agents_version":"1.7.2-preview","scene_name":"World 1-1","end_time_seconds":"1617274558"}}