{
    "name": "root",
    "gauges": {
        "Mario.Policy.Entropy.mean": {
            "value": 3.870777130126953,
            "min": 3.870777130126953,
            "max": 3.870777130126953,
            "count": 1
        },
        "Mario.Policy.ExtrinsicValueEstimate.mean": {
            "value": 0.06536909937858582,
            "min": 0.06536909937858582,
            "max": 0.06536909937858582,
            "count": 1
        },
        "Mario.Policy.CuriosityValueEstimate.mean": {
            "value": -0.06242997571825981,
            "min": -0.06242997571825981,
            "max": -0.06242997571825981,
            "count": 1
        },
        "Mario.Environment.EpisodeLength.mean": {
            "value": 8002.0,
            "min": 8002.0,
            "max": 8002.0,
            "count": 1
        },
        "Mario.Environment.CumulativeReward.mean": {
            "value": -32.71214446378872,
            "min": -32.71214446378872,
            "max": -32.71214446378872,
            "count": 1
        },
        "Mario.Policy.ExtrinsicReward.mean": {
            "value": -32.71214446378872,
            "min": -32.71214446378872,
            "max": -32.71214446378872,
            "count": 1
        },
        "Mario.Policy.CuriosityReward.mean": {
            "value": 0.0,
            "min": 0.0,
            "max": 0.0,
            "count": 1
        },
        "Mario.IsTraining.mean": {
            "value": 1.0,
            "min": 1.0,
            "max": 1.0,
            "count": 1
        }
    },
    "metadata": {
        "timer_format_version": "0.1.0",
        "start_time_seconds": "1617044285",
        "python_version": "3.7.9 (default, Aug 31 2020, 17:10:11) [MSC v.1916 64 bit (AMD64)]",
        "command_line_arguments": "D:\\Program Files (x86)\\Anaconda3\\envs\\ml-agent-1.7.2\\Scripts\\mlagents-learn ./trainer_config.yaml --run-id hb_10",
        "mlagents_version": "0.23.0",
        "mlagents_envs_version": "0.23.0",
        "communication_protocol_version": "1.3.0",
        "pytorch_version": "1.7.0+cu110",
        "numpy_version": "1.18.5",
        "end_time_seconds": "1617045158"
    },
    "total": 873.1766446,
    "count": 1,
    "self": 0.021089200000005803,
    "children": {
        "run_training.setup": {
            "total": 0.011908399999999819,
            "count": 1,
            "self": 0.011908399999999819
        },
        "TrainerController.start_learning": {
            "total": 873.143647,
            "count": 1,
            "self": 0.5800827999898956,
            "children": {
                "TrainerController._reset_env": {
                    "total": 7.0473814,
                    "count": 1,
                    "self": 7.0473814
                },
                "TrainerController.advance": {
                    "total": 865.2198754000101,
                    "count": 16333,
                    "self": 0.32019780001076015,
                    "children": {
                        "env_step": {
                            "total": 864.8996775999993,
                            "count": 16333,
                            "self": 805.6398807999965,
                            "children": {
                                "SubprocessEnvManager._take_step": {
                                    "total": 58.95959250000101,
                                    "count": 16333,
                                    "self": 1.1848654000031758,
                                    "children": {
                                        "TorchPolicy.evaluate": {
                                            "total": 57.77472709999783,
                                            "count": 16332,
                                            "self": 7.549164600002598,
                                            "children": {
                                                "TorchPolicy.sample_actions": {
                                                    "total": 50.225562499995235,
                                                    "count": 16332,
                                                    "self": 50.225562499995235
                                                }
                                            }
                                        }
                                    }
                                },
                                "workers": {
                                    "total": 0.3002043000018624,
                                    "count": 16332,
                                    "self": 0.0,
                                    "children": {
                                        "worker_root": {
                                            "total": 865.0113308999966,
                                            "count": 16332,
                                            "is_parallel": true,
                                            "self": 83.88841399999342,
                                            "children": {
                                                "steps_from_proto": {
                                                    "total": 0.0005142999999998565,
                                                    "count": 1,
                                                    "is_parallel": true,
                                                    "self": 0.00018610000000141014,
                                                    "children": {
                                                        "_process_vector_observation": {
                                                            "total": 0.0003281999999984464,
                                                            "count": 4,
                                                            "is_parallel": true,
                                                            "self": 0.0003281999999984464
                                                        }
                                                    }
                                                },
                                                "UnityEnvironment.step": {
                                                    "total": 781.1224026000032,
                                                    "count": 16332,
                                                    "is_parallel": true,
                                                    "self": 2.337141900008646,
                                                    "children": {
                                                        "UnityEnvironment._generate_step_input": {
                                                            "total": 1.6496933999982248,
                                                            "count": 16332,
                                                            "is_parallel": true,
                                                            "self": 1.6496933999982248
                                                        },
                                                        "communicator.exchange": {
                                                            "total": 768.8857592999999,
                                                            "count": 16332,
                                                            "is_parallel": true,
                                                            "self": 768.8857592999999
                                                        },
                                                        "steps_from_proto": {
                                                            "total": 8.249807999996445,
                                                            "count": 16332,
                                                            "is_parallel": true,
                                                            "self": 3.9947522000114093,