{
    "name": "root",
    "gauges": {
        "Mario.Policy.Entropy.mean": {
            "value": 2.3522980213165283,
            "min": 2.3522980213165283,
            "max": 2.3522980213165283,
            "count": 1
        },
        "Mario.Policy.ExtrinsicValueEstimate.mean": {
            "value": 0.2682023048400879,
            "min": 0.2682023048400879,
            "max": 0.2682023048400879,
            "count": 1
        },
        "Mario.Policy.CuriosityValueEstimate.mean": {
            "value": 1.269623041152954,
            "min": 1.269623041152954,
            "max": 1.269623041152954,
            "count": 1
        },
        "Mario.IsTraining.mean": {
            "value": 1.0,
            "min": 1.0,
            "max": 1.0,
            "count": 1
        }
    },
    "metadata": {
        "timer_format_version": "0.1.0",
        "start_time_seconds": "1617058430",
        "python_version": "3.7.9 (default, Aug 31 2020, 17:10:11) [MSC v.1916 64 bit (AMD64)]",
        "command_line_arguments": "D:\\Program Files (x86)\\Anaconda3\\envs\\ml-agent-1.7.2\\Scripts\\mlagents-learn ./trainer_config.yaml --run-id hb_13 --resume",
        "mlagents_version": "0.23.0",
        "mlagents_envs_version": "0.23.0",
        "communication_protocol_version": "1.3.0",
        "pytorch_version": "1.7.0+cu110",
        "numpy_version": "1.18.5",
        "end_time_seconds": "1617058639"
    },
    "total": 209.12193770000002,
    "count": 1,
    "self": 0.007157900000009931,
    "children": {
        "run_training.setup": {
            "total": 0.023685100000000014,
            "count": 1,
            "self": 0.023685100000000014
        },
        "TrainerController.start_learning": {
            "total": 209.0910947,
            "count": 1,
            "self": 0.15433279999993488,
            "children": {
                "TrainerController._reset_env": {
                    "total": 8.031197899999999,
                    "count": 1,
                    "self": 8.031197899999999
                },
                "TrainerController.advance": {
                    "total": 200.6252368000001,
                    "count": 3277,
                    "self": 0.07856219999970904,
                    "children": {
                        "env_step": {
                            "total": 200.5466746000004,
                            "count": 3277,
                            "self": 187.99429569999936,
                            "children": {
                                "SubprocessEnvManager._take_step": {
                                    "total": 12.477182900000571,
                                    "count": 3277,
                                    "self": 0.31167070000011954,
                                    "children": {
                                        "TorchPolicy.evaluate": {
                                            "total": 12.165512200000451,
                                            "count": 3277,
                                            "self": 1.954356699999476,
                                            "children": {
                                                "TorchPolicy.sample_actions": {
                                                    "total": 10.211155500000975,
                                                    "count": 3277,
                                                    "self": 10.211155500000975
                                                }
                                            }
                                        }
                                    }
                                },
                                "workers": {
                                    "total": 0.07519600000045124,
                                    "count": 3276,
                                    "self": 0.0,
                                    "children": {
                                        "worker_root": {
                                            "total": 200.4365199999998,
                                            "count": 3276,
                                            "is_parallel": true,
                                            "self": 18.848158800000192,
                                            "children": {
                                                "steps_from_proto": {
                                                    "total": 0.0004336999999994262,
                                                    "count": 1,
                                                    "is_parallel": true,
                                                    "self": 0.0001996999999978044,
                                                    "children": {
                                                        "_process_vector_observation": {
                                                            "total": 0.0002340000000016218,
                                                            "count": 4,
                                                            "is_parallel": true,
                                                            "self": 0.0002340000000016218
                                                        }
                                                    }
                                                },
                                                "UnityEnvironment.step": {
                                                    "total": 181.5879274999996,
                                                    "count": 3276,
                                                    "is_parallel": true,
                                                    "self": 0.5623815000015213,
                                                    "children": {
                                                        "UnityEnvironment._generate_step_input": {
                                                            "total": 0.4197711999995235,
                                                            "count": 3276,
                                                            "is_parallel": true,
                                                            "self": 0.4197711999995235
                                                        },
                                                        "communicator.exchange": {
                                                            "total": 178.51019599999952,
                                                            "count": 3276,
                                                            "is_parallel": true,
                                                            "self": 178.51019599999952
                                                        },
                                                        "steps_from_proto": {
                                                            "total": 2.0955787999990196,
                                                            "count": 3276,
                                                            "is_parallel": true,
                                                            "self": 1.0370727999965101,
                                                            "children": {
                                                                "_process_vector_observation": {
                                                                    "total": 1.0585060000025095,
                                                                    "count": 13104,
                                                                    "is_parallel": true,