{
    "name": "root",
    "metadata": {
        "timer_format_version": "0.1.0",
        "start_time_seconds": "1617045222",
        "python_version": "3.7.9 (default, Aug 31 2020, 17:10:11) [MSC v.1916 64 bit (AMD64)]",
        "command_line_arguments": "D:\\Program Files (x86)\\Anaconda3\\envs\\ml-agent-1.7.2\\Scripts\\mlagents-learn ./trainer_config.yaml --run-id hb_11",
        "mlagents_version": "0.23.0",
        "mlagents_envs_version": "0.23.0",
        "communication_protocol_version": "1.3.0",
        "pytorch_version": "1.7.0+cu110",
        "numpy_version": "1.18.5",
        "end_time_seconds": "1617045671"
    },
    "total": 449.7801503,
    "count": 1,
    "self": 0.006656700000064575,
    "children": {
        "run_training.setup": {
            "total": 0.01124880000000017,
            "count": 1,
            "self": 0.01124880000000017
        },
        "TrainerController.start_learning": {
            "total": 449.76224479999996,
            "count": 1,
            "self": 0.2823633999962567,
            "children": {
                "TrainerController._reset_env": {
                    "total": 7.6129535,
                    "count": 1,
                    "self": 7.6129535
                },
                "TrainerController.advance": {
                    "total": 441.5486293000037,
                    "count": 8314,
                    "self": 0.14679630000370025,
                    "children": {
                        "env_step": {
                            "total": 441.401833,
                            "count": 8314,
                            "self": 412.88570150000027,
                            "children": {
                                "SubprocessEnvManager._take_step": {
                                    "total": 28.37306109999991,
                                    "count": 8314,
                                    "self": 0.5792765999981384,
                                    "children": {
                                        "TorchPolicy.evaluate": {
                                            "total": 27.79378450000177,
                                            "count": 8312,
                                            "self": 3.7208156000028794,
                                            "children": {
                                                "TorchPolicy.sample_actions": {
                                                    "total": 24.07296889999889,
                                                    "count": 8312,
                                                    "self": 24.07296889999889
                                                }
                                            }
                                        }
                                    }
                                },
                                "workers": {
                                    "total": 0.14307039999981086,
                                    "count": 8313,
                                    "self": 0.0,
                                    "children": {
                                        "worker_root": {
                                            "total": 441.4363243000004,
                                            "count": 8313,
                                            "is_parallel": true,
                                            "self": 40.61163239999922,
                                            "children": {
                                                "steps_from_proto": {
                                                    "total": 0.0006174000000003232,
                                                    "count": 1,
                                                    "is_parallel": true,
                                                    "self": 0.00025190000000030466,
                                                    "children": {
                                                        "_process_vector_observation": {
                                                            "total": 0.0003655000000000186,
                                                            "count": 4,
                                                            "is_parallel": true,
                                                            "self": 0.0003655000000000186
                                                        }
                                                    }
                                                },
                                                "UnityEnvironment.step": {
                                                    "total": 400.8240745000012,
                                                    "count": 8313,
                                                    "is_parallel": true,
                                                    "self": 1.1353523000015002,
                                                    "children": {
                                                        "UnityEnvironment._generate_step_input": {
                                                            "total": 0.82589759999943,
                                                            "count": 8313,
                                                            "is_parallel": true,
                                                            "self": 0.82589759999943
                                                        },
                                                        "communicator.exchange": {
                                                            "total": 394.80811980000135,
                                                            "count": 8313,
                                                            "is_parallel": true,
                                                            "self": 394.80811980000135
                                                        },
                                                        "steps_from_proto": {
                                                            "total": 4.054704799998878,
                                                            "count": 8313,
                                                            "is_parallel": true,
                                                            "self": 1.9532241999940974,
                                                            "children": {
                                                                "_process_vector_observation": {
                                                                    "total": 2.1014806000047805,
                                                                    "count": 33252,
                                                                    "is_parallel": true,
                                                                    "self": 2.1014806000047805
                                                                }
                                                            }
                                                        }
                                                    }
                                                }
                                            }
                                        }
                                    }
                                }
                            }
                        }
                    }
                },
                "trainer_threads": {
                    "total": 4.009999997833802e-05,
                    "count": 1,
                    "self": 4.009999997833802e-05,
                    "children": {
                        "thread_root": {
                            "total": 0.0,
                            "count": 0,
                            "is_parallel": true,
                            "self": 0.0,
                            "children": {
                                "trainer_advance": {
                                    "total": 436.549923300004,