{
    "name": "root",
    "metadata": {
        "timer_format_version": "0.1.0",
        "start_time_seconds": "1616963747",
        "python_version": "3.7.9 (default, Aug 31 2020, 17:10:11) [MSC v.1916 64 bit (AMD64)]",
        "command_line_arguments": "D:\\Program Files (x86)\\Anaconda3\\envs\\ml-agent-1.7.2\\Scripts\\mlagents-learn ./trainer_config.yaml --run-id hb_05",
        "mlagents_version": "0.23.0",
        "mlagents_envs_version": "0.23.0",
        "communication_protocol_version": "1.3.0",
        "pytorch_version": "1.7.0+cu110",
        "numpy_version": "1.18.5",
        "end_time_seconds": "1616963944"
    },
    "total": 197.5276463,
    "count": 1,
    "self": 0.005626499999976886,
    "children": {
        "run_training.setup": {
            "total": 0.013696000000000152,
            "count": 1,
            "self": 0.013696000000000152
        },
        "TrainerController.start_learning": {
            "total": 197.5083238,
            "count": 1,
            "self": 0.13762520000042855,
            "children": {
                "TrainerController._reset_env": {
                    "total": 6.5480158,
                    "count": 1,
                    "self": 6.5480158
                },
                "TrainerController.advance": {
                    "total": 190.5139145999996,
                    "count": 3486,
                    "self": 0.06900399999940987,
                    "children": {
                        "env_step": {
                            "total": 190.44491060000018,
                            "count": 3486,
                            "self": 177.87147399999915,
                            "children": {
                                "SubprocessEnvManager._take_step": {
                                    "total": 12.508071200000808,
                                    "count": 3486,
                                    "self": 0.2663324000007474,
                                    "children": {
                                        "TorchPolicy.evaluate": {
                                            "total": 12.24173880000006,
                                            "count": 3484,
                                            "self": 1.6867502999998312,
                                            "children": {
                                                "TorchPolicy.sample_actions": {
                                                    "total": 10.55498850000023,
                                                    "count": 3484,
                                                    "self": 10.55498850000023
                                                }
                                            }
                                        }
                                    }
                                },
                                "workers": {
                                    "total": 0.06536540000023372,
                                    "count": 3485,
                                    "self": 0.0,
                                    "children": {
                                        "worker_root": {
                                            "total": 190.4630078000005,
                                            "count": 3485,
                                            "is_parallel": true,
                                            "self": 18.20384680000015,
                                            "children": {
                                                "steps_from_proto": {
                                                    "total": 0.0004718000000005773,
                                                    "count": 1,
                                                    "is_parallel": true,
                                                    "self": 0.0002027000000000001,
                                                    "children": {
                                                        "_process_vector_observation": {
                                                            "total": 0.0002691000000005772,
                                                            "count": 4,
                                                            "is_parallel": true,
                                                            "self": 0.0002691000000005772
                                                        }
                                                    }
                                                },
                                                "UnityEnvironment.step": {
                                                    "total": 172.25868920000033,
                                                    "count": 3485,
                                                    "is_parallel": true,
                                                    "self": 0.4845612000010533,
                                                    "children": {
                                                        "UnityEnvironment._generate_step_input": {
                                                            "total": 0.36496979999927603,
                                                            "count": 3485,
                                                            "is_parallel": true,
                                                            "self": 0.36496979999927603
                                                        },
                                                        "communicator.exchange": {
                                                            "total": 169.6404508999996,
                                                            "count": 3485,
                                                            "is_parallel": true,
                                                            "self": 169.6404508999996
                                                        },
                                                        "steps_from_proto": {
                                                            "total": 1.768707300000412,
                                                            "count": 3485,
                                                            "is_parallel": true,
                                                            "self": 0.8823789000013882,
                                                            "children": {
                                                                "_process_vector_observation": {
                                                                    "total": 0.8863283999990239,
                                                                    "count": 13940,
                                                                    "is_parallel": true,
                                                                    "self": 0.8863283999990239
                                                                }
                                                            }
                                                        }
                                                    }
                                                }
                                            }
                                        }
                                    }
                                }
                            }
                        }
                    }
                },
                "trainer_threads": {
                    "total": 3.5099999990961805e-05,
                    "count": 1,
                    "self": 3.5099999990961805e-05,
                    "children": {
                        "thread_root": {
                            "total": 0.0,
                            "count": 0,
                            "is_parallel": true,
                            "self": 0.0,
                            "children": {
                                "trainer_advance": {
                                    "total": 188.35028149999906,