{
    "name": "root",
    "gauges": {
        "Mario.Policy.Entropy.mean": {
            "value": 2.444821357727051,
            "min": 2.444821357727051,
            "max": 2.484694480895996,
            "count": 4
        },
        "Mario.Environment.EpisodeLength.mean": {
            "value": 4031.6666666666665,
            "min": 86.0,
            "max": 4031.6666666666665,
            "count": 4
        },
        "Mario.Policy.ExtrinsicValueEstimate.mean": {
            "value": -0.14696380496025085,
            "min": -0.15397252142429352,
            "max": -0.12127941101789474,
            "count": 4
        },
        "Mario.Policy.CuriosityValueEstimate.mean": {
            "value": 0.7286887168884277,
            "min": -0.028314901515841484,
            "max": 0.7286887168884277,
            "count": 4
        },
        "Mario.Environment.CumulativeReward.mean": {
            "value": -5.921225390397012,
            "min": -5.921225390397012,
            "max": -0.43767401576042175,
            "count": 4
        },
        "Mario.Policy.ExtrinsicReward.mean": {
            "value": -5.921225390397012,
            "min": -5.921225390397012,
            "max": -0.43767401576042175,
            "count": 4
        },
        "Mario.Policy.CuriosityReward.mean": {
            "value": 206.23250633478165,
            "min": 0.0,
            "max": 206.23250633478165,
            "count": 4
        },
        "Mario.IsTraining.mean": {
            "value": 1.0,
            "min": 1.0,
            "max": 1.0,
            "count": 4
        },
        "Mario.Losses.PolicyLoss.mean": {
            "value": 0.07017930707764045,
            "min": 0.07017930707764045,
            "max": 0.0727481920758871,
            "count": 3
        },
        "Mario.Losses.ValueLoss.mean": {
            "value": 0.21295691200364858,
            "min": 0.012265943546381974,
            "max": 0.6595866317502117,
            "count": 3
        },
        "Mario.Policy.LearningRate.mean": {
            "value": 0.00029996611981129335,
            "min": 0.00029996611981129335,
            "max": 0.0002999810874063042,
            "count": 3
        },
        "Mario.Policy.Epsilon.mean": {
            "value": 0.19998870660000004,
            "min": 0.19998870660000004,
            "max": 0.19999369579999993,
            "count": 3
        },
        "Mario.Policy.Beta.mean": {
            "value": 0.00099988819534,
            "min": 0.00099988819534,
            "max": 0.0009999375884199998,
            "count": 3
        },
        "Mario.Losses.CuriosityForwardLoss.mean": {
            "value": 0.050665998114989355,
            "min": 0.050665998114989355,
            "max": 0.13868513851893655,
            "count": 3
        },
        "Mario.Losses.CuriosityInverseLoss.mean": {
            "value": 2.3661511975985308,
            "min": 2.3661511975985308,
            "max": 2.433859346068908,
            "count": 3
        }
    },
    "metadata": {
        "timer_format_version": "0.1.0",
        "start_time_seconds": "1617092740",
        "python_version": "3.7.9 (default, Aug 31 2020, 17:10:11) [MSC v.1916 64 bit (AMD64)]",
        "command_line_arguments": "D:\\Program Files (x86)\\Anaconda3\\envs\\ml-agent-1.7.2\\Scripts\\mlagents-learn ./trainer_config.yaml --run-id hb_17 --resume",
        "mlagents_version": "0.23.0",
        "mlagents_envs_version": "0.23.0",
        "communication_protocol_version": "1.3.0",
        "pytorch_version": "1.7.0+cu110",
        "numpy_version": "1.18.5",
        "end_time_seconds": "1617095603"
    },
    "total": 2863.5205427,
    "count": 1,
    "self": 0.01095919999988837,
    "children": {
        "run_training.setup": {
            "total": 0.04193440000000015,
            "count": 1,
            "self": 0.04193440000000015
        },
        "TrainerController.start_learning": {
            "total": 2863.4676491,
            "count": 1,
            "self": 1.9368863999902715,
            "children": {
                "TrainerController._reset_env": {
                    "total": 13.7850223,
                    "count": 1,
                    "self": 13.7850223
                },
                "TrainerController.advance": {
                    "total": 2847.4981727000095,
                    "count": 53265,
                    "self": 1.0299434000176007,
                    "children": {
                        "env_step": {
                            "total": 2846.468229299992,
                            "count": 53265,
                            "self": 2688.1736197999753,
                            "children": {
                                "SubprocessEnvManager._take_step": {
                                    "total": 157.22343230000592,
                                    "count": 53265,
                                    "self": 3.969725700042659,
                                    "children": {
                                        "TorchPolicy.evaluate": {
                                            "total": 153.25370659996327,
                                            "count": 53255,
                                            "self": 25.1918976999832,
                                            "children": {
                                                "TorchPolicy.sample_actions": {
                                                    "total": 128.06180889998006,
                                                    "count": 53255,
                                                    "self": 128.06180889998006
                                                }
                                            }
                                        }
                                    }
                                },
                                "workers": {
                                    "total": 1.0711772000106148,
                                    "count": 53264,
                                    "self": 0.0,
                                    "children": {
                                        "worker_root": {
                                            "total": 2846.9803788999902,
                                            "count": 53264,
                                            "is_parallel": true,
                                            "self": 239.1130513999824,
                                            "children": {
                                                "steps_from_proto": {
                                                    "total": 0.0004616999999988991,
                                                    "count": 1,
                                                    "is_parallel": true,
                                                    "self": 0.00021490000000135012,
                                                    "children": {
                                                        "_process_vector_observation": {
                                                            "total": 0.000246799999997549,
                                                            "count": 4,
                                                            "is_parallel": true,
                                                            "self": 0.000246799999997549
                                                        }
                                                    }
                                                },
                                                "UnityEnvironment.step": {
                                                    "total": 2607.866865800008,
                                                    "count": 53264,
                                                    "is_parallel": true,
                                                    "self": 7.513328299984096,